-- phpMyAdmin SQL Dump
-- version 4.6.5.1
-- https://www.phpmyadmin.net/
--
-- Servidor: localhost
-- Tiempo de generación: 16-07-2018 a las 14:23:48
-- Versión del servidor: 10.0.28-MariaDB
-- Versión de PHP: 5.6.29

SET SQL_MODE = "NO_AUTO_VALUE_ON_ZERO";
SET time_zone = "+00:00";


/*!40101 SET @OLD_CHARACTER_SET_CLIENT=@@CHARACTER_SET_CLIENT */;
/*!40101 SET @OLD_CHARACTER_SET_RESULTS=@@CHARACTER_SET_RESULTS */;
/*!40101 SET @OLD_COLLATION_CONNECTION=@@COLLATION_CONNECTION */;
/*!40101 SET NAMES utf8mb4 */;

--
-- Base de datos: `base_asociacion`
--

-- --------------------------------------------------------

--
-- Estructura de tabla para la tabla `ma_certificados`
--

CREATE TABLE `ma_certificados` (
  `codi_cer` bigint(12) NOT NULL,
  `codi_usu` bigint(12) NOT NULL,
  `ndoc_usu` varchar(20) NOT NULL,
  `nomb_usu` varchar(200) NOT NULL,
  `fech_cer` datetime NOT NULL COMMENT 'Fecha de visualizacion',
  `ipso_cer` varchar(20) NOT NULL COMMENT 'IP de solicitud',
  `codi_jun` bigint(12) NOT NULL,
  `nume_cer` varchar(12) NOT NULL COMMENT 'Numero de verificacion',
  `veri_cer` int(11) NOT NULL COMMENT 'Verificado 1 si 0 no',
  `fecv_cer` datetime NOT NULL COMMENT 'Fecha hora verificado',
  `ipve_cer` varchar(20) NOT NULL COMMENT 'ip verificado'
) ENGINE=MyISAM DEFAULT CHARSET=utf8;

-- --------------------------------------------------------

--
-- Estructura de tabla para la tabla `ma_juntas`
--

CREATE TABLE `ma_juntas` (
  `codi_jun` bigint(12) NOT NULL,
  `luga_jun` varchar(200) NOT NULL COMMENT 'Lugar',
  `muni_jun` char(3) NOT NULL COMMENT 'Municipio',
  `pers_jun` varchar(80) NOT NULL COMMENT 'Personeria y Fecha',
  `codi_usu` bigint(12) NOT NULL COMMENT 'Representante',
  `ndoc_usu` bigint(12) NOT NULL,
  `nomb_usu` varchar(120) NOT NULL,
  `pass_usu` varchar(32) NOT NULL,
  `acti_jun` int(1) NOT NULL COMMENT 'Estado'
) ENGINE=MyISAM DEFAULT CHARSET=utf8;

-- --------------------------------------------------------

--
-- Estructura de tabla para la tabla `ma_usuario`
--

CREATE TABLE `ma_usuario` (
  `codi_usu` bigint(12) NOT NULL,
  `ndoc_usu` varchar(20) NOT NULL,
  `nomb_usu` varchar(160) NOT NULL,
  `depa_usu` int(2) NOT NULL,
  `muni_usu` char(3) NOT NULL,
  `pass_usu` varchar(32) NOT NULL,
  `pasv_usu` varchar(32) NOT NULL,
  `tipo_usu` int(1) NOT NULL COMMENT '1 Administrador',
  `acti_usu` int(1) NOT NULL
) ENGINE=MyISAM DEFAULT CHARSET=utf8 ROW_FORMAT=DYNAMIC;

--
-- Volcado de datos para la tabla `ma_usuario`
--

INSERT INTO `ma_usuario` (`codi_usu`, `ndoc_usu`, `nomb_usu`, `depa_usu`, `muni_usu`, `pass_usu`, `pasv_usu`, `tipo_usu`, `acti_usu`) VALUES
(117, '1234567', 'Admin', 54, '1', '761c7920f470038d4c8a619c79eddd62', '2321', 1, 1);

-- --------------------------------------------------------

--
-- Estructura de tabla para la tabla `tb_departamento`
--

CREATE TABLE `tb_departamento` (
  `codi_dep` char(2) COLLATE utf8_spanish2_ci NOT NULL COMMENT 'Codigo del departamento',
  `nomb_dep` varchar(60) COLLATE utf8_spanish2_ci DEFAULT NULL COMMENT 'Nombre del departamento',
  `codi_est` tinyint(1) DEFAULT '0' COMMENT 'Estado del registro'
) ENGINE=InnoDB DEFAULT CHARSET=utf8 COLLATE=utf8_spanish2_ci;

--
-- Volcado de datos para la tabla `tb_departamento`
--

INSERT INTO `tb_departamento` (`codi_dep`, `nomb_dep`, `codi_est`) VALUES
('05', 'ANTIOQUIA', 1),
('08', 'ATLANTICO', 1),
('11', 'BOGOTA', 1),
('13', 'BOLIVAR', 1),
('15', 'BOYACA', 1),
('17', 'CALDAS', 1),
('18', 'CAQUETA', 1),
('19', 'CAUCA', 1),
('20', 'CESAR', 1),
('23', 'CORDOBA', 1),
('25', 'CUNDINAMARCA', 1),
('27', 'CHOCO', 1),
('41', 'HUILA', 1),
('44', 'LA GUAJIRA', 1),
('47', 'MAGDALENA', 1),
('50', 'META', 1),
('52', 'NARIÑO', 1),
('54', 'N. DE SANTANDER', 1),
('63', 'QUINDIO', 1),
('66', 'RISARALDA', 1),
('68', 'SANTANDER', 1),
('70', 'SUCRE', 1),
('73', 'TOLIMA', 1),
('76', 'VALLE DEL CAUCA', 1),
('81', 'ARAUCA', 1),
('85', 'CASANARE', 1),
('86', 'PUTUMAYO', 1),
('88', 'SAN ANDRES', 1),
('91', 'AMAZONAS', 1),
('94', 'GUAINIA', 1),
('95', 'GUAVIARE', 1),
('97', 'VAUPES', 1),
('99', 'VICHADA', 1);

-- --------------------------------------------------------

--
-- Estructura de tabla para la tabla `tb_municipio`
--

CREATE TABLE `tb_municipio` (
  `codi_mun` char(3) COLLATE utf8_spanish2_ci NOT NULL COMMENT 'Codigo del municipio',
  `nomb_mun` varchar(120) COLLATE utf8_spanish2_ci DEFAULT NULL COMMENT 'Nombre del municipio',
  `codi_dep` char(2) COLLATE utf8_spanish2_ci NOT NULL COMMENT 'Codigo del departamento',
  `codi_est` tinyint(1) DEFAULT '1' COMMENT 'Estado del municipio'
) ENGINE=InnoDB DEFAULT CHARSET=utf8 COLLATE=utf8_spanish2_ci;

--
-- Volcado de datos para la tabla `tb_municipio`
--

INSERT INTO `tb_municipio` (`codi_mun`, `nomb_mun`, `codi_dep`, `codi_est`) VALUES
('001', 'MEDELLIN', '05', 1),
('001', 'BARRANQUILLA', '08', 1),
('001', 'BOGOTA D.C.', '11', 1),
('001', 'CARTAGENA', '13', 1),
('001', 'TUNJA', '15', 1),
('001', 'MANIZALES', '17', 1),
('001', 'FLORENCIA', '18', 1),
('001', 'POPAYAN', '19', 1),
('001', 'VALLEDUPAR', '20', 1),
('001', 'MONTERIA', '23', 1),
('001', 'AGUA DE DIOS', '25', 1),
('001', 'QUIBDO', '27', 1),
('001', 'NEIVA', '41', 1),
('001', 'RIOHACHA', '44', 1),
('001', 'SANTA MARTA', '47', 1),
('001', 'VILLAVICENCIO', '50', 1),
('001', 'PASTO', '52', 1),
('001', 'CUCUTA', '54', 1),
('001', 'ARMENIA', '63', 1),
('001', 'PEREIRA', '66', 1),
('001', 'BUCARAMANGA', '68', 1),
('001', 'SINCELEJO', '70', 1),
('001', 'IBAGUE', '73', 1),
('001', 'CALI', '76', 1),
('001', 'ARAUCA', '81', 1),
('001', 'YOPAL', '85', 1),
('001', 'MOCOA', '86', 1),
('001', 'SAN ANDRES', '88', 1),
('001', 'LETICIA', '91', 1),
('001', 'INIRIDA', '94', 1),
('001', 'SAN JOSE DEL GUAVIARE', '95', 1),
('001', 'MITU', '97', 1),
('001', 'PUERTO CARRE?O', '99', 1),
('002', 'ABEJORRAL', '05', 1),
('003', 'ABREGO', '54', 1),
('004', 'ABRIAQUI', '05', 1),
('006', 'ACHI', '13', 1),
('006', 'ACANDI', '27', 1),
('006', 'ACEVEDO', '41', 1),
('006', 'ACACIAS', '50', 1),
('010', 'AGUAZUL', '85', 1),
('011', 'AGUACHICA', '20', 1),
('013', 'AGUADAS', '17', 1),
('013', 'AGUSTIN CODAZZI', '20', 1),
('013', 'AGRADO', '41', 1),
('013', 'AGUADA', '68', 1),
('015', 'CHAMEZA', '85', 1),
('015', 'CALAMAR', '95', 1),
('016', 'AIPE', '41', 1),
('019', 'ALBAN', '25', 1),
('019', 'ALBAN', '52', 1),
('020', 'ALGECIRAS', '41', 1),
('020', 'ALBANIA', '68', 1),
('020', 'ALCALA', '76', 1),
('021', 'ALEJANDRIA', '05', 1),
('022', 'ALMEIDA', '15', 1),
('022', 'ALMAGUER', '19', 1),
('022', 'ALDANA', '52', 1),
('024', 'ALPUJARRA', '73', 1),
('025', 'ALTO BAUDO', '27', 1),
('025', 'EL RETORNO', '95', 1),
('026', 'ALTAMIRA', '41', 1),
('026', 'ALVARADO', '73', 1),
('029', 'ALBANIA', '18', 1),
('030', 'AMAGA', '05', 1),
('030', 'ALTOS DEL ROSARIO', '13', 1),
('030', 'ALGARROBO', '47', 1),
('030', 'AMBALEMA', '73', 1),
('031', 'AMALFI', '05', 1),
('032', 'ASTREA', '20', 1),
('034', 'ANDES', '05', 1),
('035', 'ANAPOIMA', '25', 1),
('035', 'ALBANIA', '44', 1),
('036', 'ANGELOPOLIS', '05', 1),
('036', 'ANCUYA', '52', 1),
('036', 'ANDALUCIA', '76', 1),
('038', 'ANGOSTURA', '05', 1),
('040', 'ANORI', '05', 1),
('040', 'ANOLAIMA', '25', 1),
('041', 'ANSERMANUEVO', '76', 1),
('042', 'SANTAFE DE ANTIOQUIA', '05', 1),
('042', 'ARENAL', '13', 1),
('042', 'ANSERMA', '17', 1),
('043', 'ANZOATEGUI', '73', 1),
('044', 'ANZA', '05', 1),
('045', 'APARTADO', '05', 1),
('045', 'BECERRIL', '20', 1),
('045', 'APIA', '66', 1),
('047', 'AQUITANIA', '15', 1),
('050', 'ARANZAZU', '17', 1),
('050', 'ARGELIA', '19', 1),
('050', 'ATRATO', '27', 1),
('051', 'ARBOLETES', '05', 1),
('051', 'ARCABUCO', '15', 1),
('051', 'ARBOLEDA', '52', 1),
('051', 'ARBOLEDAS', '54', 1),
('051', 'ARATOCA', '68', 1),
('052', 'ARJONA', '13', 1),
('053', 'ARBELAEZ', '25', 1),
('053', 'ARACATACA', '47', 1),
('054', 'ARGELIA', '76', 1),
('055', 'ARGELIA', '05', 1),
('055', 'ARMERO', '73', 1),
('058', 'ARIGUANI', '47', 1),
('059', 'ARMENIA', '05', 1),
('060', 'BOSCONIA', '20', 1),
('062', 'ARROYOHONDO', '13', 1),
('065', 'ARAUQUITA', '81', 1),
('067', 'ATACO', '73', 1),
('068', 'AYAPEL', '23', 1),
('073', 'BAGADO', '27', 1),
('074', 'BARRANCO DE LOBA', '13', 1),
('075', 'BALBOA', '19', 1),
('075', 'BAHIA SOLANO', '27', 1),
('075', 'BALBOA', '66', 1),
('077', 'BAJO BAUDO', '27', 1),
('077', 'BARBOSA', '68', 1),
('078', 'BARANOA', '08', 1),
('078', 'BARAYA', '41', 1),
('078', 'BARRANCAS', '44', 1),
('079', 'BARBOSA', '05', 1),
('079', 'BUENAVISTA', '23', 1),
('079', 'BARBACOAS', '52', 1),
('079', 'BARICHARA', '68', 1),
('081', 'BARRANCABERMEJA', '68', 1),
('083', 'BELEN', '52', 1),
('086', 'BELMIRA', '05', 1),
('086', 'BELTRAN', '25', 1),
('087', 'BELEN', '15', 1),
('088', 'BELLO', '05', 1),
('088', 'BELALCAZAR', '17', 1),
('088', 'BELEN DE UMBRIA', '66', 1),
('090', 'BERBEO', '15', 1),
('090', 'CANALETE', '23', 1),
('090', 'DIBULLA', '44', 1),
('091', 'BETANIA', '05', 1),
('092', 'BETEITIVA', '15', 1),
('092', 'BETULIA', '68', 1),
('093', 'BETULIA', '05', 1),
('094', 'BELEN DE LOS ANDAQUIES', '18', 1),
('095', 'BITUIMA', '25', 1),
('097', 'BOAVITA', '15', 1),
('098', 'DISTRACCION', '44', 1),
('099', 'BOJACA', '25', 1),
('099', 'BOJAYA', '27', 1),
('099', 'BOCHALEMA', '54', 1),
('100', 'BOLIVAR', '19', 1),
('100', 'BOLIVAR', '76', 1),
('101', 'CIUDAD BOLIVAR', '05', 1),
('101', 'BOLIVAR', '68', 1),
('104', 'BOYACA', '15', 1),
('106', 'BRICE?O', '15', 1),
('107', 'BRICE?O', '05', 1),
('109', 'BUENAVISTA', '15', 1),
('109', 'BUCARASICA', '54', 1),
('109', 'BUENAVENTURA', '76', 1),
('110', 'BUENOS AIRES', '19', 1),
('110', 'EL MOLINO', '44', 1),
('110', 'BARRANCA DE UPIA', '50', 1),
('110', 'BUESACO', '52', 1),
('110', 'BUENAVISTA', '70', 1),
('111', 'BUENAVISTA', '63', 1),
('111', 'GUADALAJARA DE BUGA', '76', 1),
('113', 'BURITICA', '05', 1),
('113', 'BUGALAGRANDE', '76', 1),
('114', 'BUSBANZA', '15', 1),
('120', 'CACERES', '05', 1),
('120', 'CABRERA', '25', 1),
('121', 'CABRERA', '68', 1),
('122', 'CAICEDONIA', '76', 1),
('123', 'CACHIPAY', '25', 1),
('124', 'CABUYARO', '50', 1),
('124', 'CAIMITO', '70', 1),
('124', 'CAJAMARCA', '73', 1),
('125', 'CAICEDO', '05', 1),
('125', 'CACOTA', '54', 1),
('125', 'HATO COROZAL', '85', 1),
('126', 'CAJICA', '25', 1),
('126', 'CALIMA', '76', 1),
('128', 'CACHIRA', '54', 1),
('129', 'CALDAS', '05', 1),
('130', 'CAJIBIO', '19', 1),
('130', 'CALARCA', '63', 1),
('130', 'CANDELARIA', '76', 1),
('131', 'CALDAS', '15', 1),
('132', 'CAMPOALEGRE', '41', 1),
('132', 'CALIFORNIA', '68', 1),
('134', 'CAMPAMENTO', '05', 1),
('135', 'CAMPOHERMOSO', '15', 1),
('135', 'EL CANTON DEL SAN PABLO', '27', 1),
('136', 'LA SALINA', '85', 1),
('137', 'CAMPO DE LA CRUZ', '08', 1),
('137', 'CALDONO', '19', 1),
('138', 'CA?ASGORDAS', '05', 1),
('139', 'MANI', '85', 1),
('140', 'CALAMAR', '13', 1),
('141', 'CANDELARIA', '08', 1),
('142', 'CARACOLI', '05', 1),
('142', 'CALOTO', '19', 1),
('145', 'CARAMANTA', '05', 1),
('147', 'CAREPA', '05', 1),
('147', 'CAPITANEJO', '68', 1),
('147', 'CARTAGO', '76', 1),
('148', 'EL CARMEN DE VIBORAL', '05', 1),
('148', 'CAPARRAPI', '25', 1),
('148', 'CARMEN DE APICALA', '73', 1),
('150', 'CAROLINA', '05', 1),
('150', 'CARTAGENA DEL CHAIRA', '18', 1),
('150', 'CARMEN DEL DARIEN', '27', 1),
('150', 'CASTILLA LA NUEVA', '50', 1),
('151', 'CAQUEZA', '25', 1),
('152', 'CARCASI', '68', 1),
('152', 'CASABIANCA', '73', 1),
('154', 'CAUCASIA', '05', 1),
('154', 'CARMEN DE CARUPA', '25', 1),
('160', 'CANTAGALLO', '13', 1),
('160', 'CERTEGUI', '27', 1),
('160', 'CEPITA', '68', 1),
('161', 'CERRO SAN ANTONIO', '47', 1),
('161', 'CARURU', '97', 1),
('162', 'CERINZA', '15', 1),
('162', 'CERETE', '23', 1),
('162', 'CERRITO', '68', 1),
('162', 'MONTERREY', '85', 1),
('167', 'CHARALA', '68', 1),
('168', 'CHIMA', '23', 1),
('168', 'CHAGUANI', '25', 1),
('168', 'CHAPARRAL', '73', 1),
('169', 'CHARTA', '68', 1),
('170', 'CHIBOLO', '47', 1),
('170', 'DOSQUEBRADAS', '66', 1),
('172', 'CHIGORODO', '05', 1),
('172', 'CHINAVITA', '15', 1),
('172', 'CHINACOTA', '54', 1),
('174', 'CHINCHINA', '17', 1),
('174', 'CHITAGA', '54', 1),
('175', 'CHIMICHAGUA', '20', 1),
('175', 'CHIA', '25', 1),
('176', 'CHIQUINQUIRA', '15', 1),
('176', 'CHIMA', '68', 1),
('178', 'CHIRIGUANA', '20', 1),
('178', 'CHIPAQUE', '25', 1),
('179', 'CHIPATA', '68', 1),
('180', 'CHISCAS', '15', 1),
('181', 'CHOACHI', '25', 1),
('182', 'CHINU', '23', 1),
('183', 'CHITA', '15', 1),
('183', 'CHOCONTA', '25', 1),
('185', 'CHITARAQUE', '15', 1),
('187', 'CHIVATA', '15', 1),
('188', 'CICUCO', '13', 1),
('189', 'CIENEGA', '15', 1),
('189', 'CIENAGA DE ORO', '23', 1),
('189', 'CIENAGA', '47', 1),
('190', 'CISNEROS', '05', 1),
('190', 'CIRCASIA', '63', 1),
('190', 'CIMITARRA', '68', 1),
('197', 'COCORNA', '05', 1),
('200', 'COGUA', '25', 1),
('200', 'COELLO', '73', 1),
('200', 'MIRAFLORES', '95', 1),
('203', 'COLON', '52', 1),
('204', 'COMBITA', '15', 1),
('204', 'COLOSO', '70', 1),
('205', 'CURILLO', '18', 1),
('205', 'CONDOTO', '27', 1),
('205', 'CONCORDIA', '47', 1),
('206', 'CONCEPCION', '05', 1),
('206', 'COLOMBIA', '41', 1),
('206', 'CONVENCION', '54', 1),
('207', 'CONSACA', '52', 1),
('207', 'CONCEPCION', '68', 1),
('209', 'CONCORDIA', '05', 1),
('209', 'CONFINES', '68', 1),
('210', 'CONTADERO', '52', 1),
('211', 'CONTRATACION', '68', 1),
('212', 'COPACABANA', '05', 1),
('212', 'CORDOBA', '13', 1),
('212', 'COPER', '15', 1),
('212', 'CORINTO', '19', 1),
('212', 'CORDOBA', '63', 1),
('214', 'COTA', '25', 1),
('215', 'CORRALES', '15', 1),
('215', 'CORDOBA', '52', 1),
('215', 'COROZAL', '70', 1),
('217', 'COROMORO', '68', 1),
('217', 'COYAIMA', '73', 1),
('218', 'COVARACHIA', '15', 1),
('219', 'COLON', '86', 1),
('220', 'CRAVO NORTE', '81', 1),
('221', 'COVE?AS', '70', 1),
('222', 'CLEMENCIA', '13', 1),
('223', 'CUBARA', '15', 1),
('223', 'CUBARRAL', '50', 1),
('223', 'CUCUTILLA', '54', 1),
('224', 'CUCAITA', '15', 1),
('224', 'CUCUNUBA', '25', 1),
('224', 'CUASPUD', '52', 1),
('225', 'NUNCHIA', '85', 1),
('226', 'CUITIVA', '15', 1),
('226', 'CUMARAL', '50', 1),
('226', 'CUNDAY', '73', 1),
('227', 'CUMBAL', '52', 1),
('228', 'CURUMANI', '20', 1),
('229', 'CURITI', '68', 1),
('230', 'CHALAN', '70', 1),
('230', 'OROCUE', '85', 1),
('232', 'CHIQUIZA', '15', 1),
('233', 'CUMBITARA', '52', 1),
('233', 'EL ROBLE', '70', 1),
('233', 'DAGUA', '76', 1),
('234', 'DABEIBA', '05', 1),
('235', 'EL CARMEN DE CHUCURI', '68', 1),
('235', 'GALERAS', '70', 1),
('236', 'CHIVOR', '15', 1),
('236', 'DOLORES', '73', 1),
('237', 'DON MATIAS', '05', 1),
('238', 'DUITAMA', '15', 1),
('238', 'EL COPEY', '20', 1),
('239', 'DURANIA', '54', 1),
('240', 'EBEJICO', '05', 1),
('240', 'CHACHAGsI', '52', 1),
('243', 'EL AGUILA', '76', 1),
('244', 'EL CARMEN DE BOLIVAR', '13', 1),
('244', 'EL COCUY', '15', 1),
('244', 'ELIAS', '41', 1),
('245', 'EL COLEGIO', '25', 1),
('245', 'EL CARMEN DE ATRATO', '27', 1),
('245', 'EL BANCO', '47', 1),
('245', 'EL CALVARIO', '50', 1),
('245', 'EL CARMEN', '54', 1),
('245', 'EL GUACAMAYO', '68', 1),
('246', 'EL CAIRO', '76', 1),
('247', 'EL DONCELLO', '18', 1),
('248', 'EL GUAMO', '13', 1),
('248', 'EL ESPINO', '15', 1),
('248', 'EL CERRITO', '76', 1),
('250', 'EL BAGRE', '05', 1),
('250', 'EL PASO', '20', 1),
('250', 'EL LITORAL DEL SAN JUAN', '27', 1),
('250', 'EL CHARCO', '52', 1),
('250', 'EL TARRA', '54', 1),
('250', 'EL PE?ON', '68', 1),
('250', 'EL DOVIO', '76', 1),
('250', 'PAZ DE ARIPORO', '85', 1),
('251', 'EL CASTILLO', '50', 1),
('254', 'EL PE?OL', '52', 1),
('255', 'EL PLAYON', '68', 1),
('256', 'EL PAUJIL', '18', 1),
('256', 'EL TAMBO', '19', 1),
('256', 'EL ROSARIO', '52', 1),
('258', 'EL PE?ON', '25', 1),
('258', 'EL PI?ON', '47', 1),
('258', 'EL TABLON DE GOMEZ', '52', 1),
('260', 'EL ROSAL', '25', 1),
('260', 'EL TAMBO', '52', 1),
('261', 'EL ZULIA', '54', 1),
('263', 'PORE', '85', 1),
('263', 'EL ENCANTO', '91', 1),
('264', 'ENTRERRIOS', '05', 1),
('264', 'ENCINO', '68', 1),
('265', 'GUARANDA', '70', 1),
('266', 'ENVIGADO', '05', 1),
('266', 'ENCISO', '68', 1),
('268', 'EL PE?ON', '13', 1),
('268', 'EL RETEN', '47', 1),
('268', 'ESPINAL', '73', 1),
('269', 'FACATATIVA', '25', 1),
('270', 'EL DORADO', '50', 1),
('270', 'FALAN', '73', 1),
('271', 'FLORIAN', '68', 1),
('272', 'FIRAVITOBA', '15', 1),
('272', 'FILADELFIA', '17', 1),
('272', 'FILANDIA', '63', 1),
('275', 'FLANDES', '73', 1),
('275', 'FLORIDA', '76', 1),
('276', 'FLORESTA', '15', 1),
('276', 'FLORIDABLANCA', '68', 1),
('279', 'FOMEQUE', '25', 1),
('279', 'FONSECA', '44', 1),
('279', 'RECETOR', '85', 1),
('281', 'FOSCA', '25', 1),
('282', 'FREDONIA', '05', 1),
('283', 'FRESNO', '73', 1),
('284', 'FRONTINO', '05', 1),
('286', 'FUNZA', '25', 1),
('287', 'FUENTE DE ORO', '50', 1),
('287', 'FUNES', '52', 1),
('288', 'FUQUENE', '25', 1),
('288', 'FUNDACION', '47', 1),
('290', 'FLORENCIA', '19', 1),
('290', 'FUSAGASUGA', '25', 1),
('293', 'GACHANTIVA', '15', 1),
('293', 'GACHALA', '25', 1),
('295', 'GAMARRA', '20', 1),
('295', 'GACHANCIPA', '25', 1),
('296', 'GALAPA', '08', 1),
('296', 'GAMEZA', '15', 1),
('296', 'GALAN', '68', 1),
('297', 'GACHETA', '25', 1),
('298', 'GARZON', '41', 1),
('298', 'GAMBITA', '68', 1),
('299', 'GARAGOA', '15', 1),
('299', 'GAMA', '25', 1),
('300', 'HATILLO DE LOBA', '13', 1),
('300', 'GUACHENE', '19', 1),
('300', 'COTORRA', '23', 1),
('300', 'FORTUL', '81', 1),
('300', 'SABANALARGA', '85', 1),
('302', 'GENOVA', '63', 1),
('306', 'GIRALDO', '05', 1),
('306', 'GIGANTE', '41', 1),
('306', 'GINEBRA', '76', 1),
('307', 'GIRARDOT', '25', 1),
('307', 'GIRON', '68', 1),
('308', 'GIRARDOTA', '05', 1),
('310', 'GOMEZ PLATA', '05', 1),
('310', 'GONZALEZ', '20', 1),
('312', 'GRANADA', '25', 1),
('313', 'GRANADA', '05', 1),
('313', 'GRANADA', '50', 1),
('313', 'GRAMALOTE', '54', 1),
('315', 'GUADALUPE', '05', 1),
('315', 'SACAMA', '85', 1),
('317', 'GUACAMAYAS', '15', 1),
('317', 'GUACHETA', '25', 1),
('317', 'GUACHUCAL', '52', 1),
('318', 'GUARNE', '05', 1),
('318', 'GUAPI', '19', 1),
('318', 'GUAMAL', '47', 1),
('318', 'GUAMAL', '50', 1),
('318', 'GUATICA', '66', 1),
('318', 'GUACA', '68', 1),
('318', 'GUACARI', '76', 1),
('319', 'GUADALUPE', '41', 1),
('319', 'GUAMO', '73', 1),
('320', 'GUADUAS', '25', 1),
('320', 'GUAITARILLA', '52', 1),
('320', 'GUADALUPE', '68', 1),
('320', 'ORITO', '86', 1),
('321', 'GUATAPE', '05', 1),
('322', 'GUATEQUE', '15', 1),
('322', 'GUASCA', '25', 1),
('322', 'GUAPOTA', '68', 1),
('323', 'GUALMATAN', '52', 1),
('324', 'GUATAQUI', '25', 1),
('324', 'GUAVATA', '68', 1),
('325', 'GUAYATA', '15', 1),
('325', 'MAPIRIPAN', '50', 1),
('325', 'SAN LUIS DE PALENQUE', '85', 1),
('326', 'GUATAVITA', '25', 1),
('327', 'GsEPSA', '68', 1),
('328', 'GUAYABAL DE SIQUIMA', '25', 1),
('330', 'MESETAS', '50', 1),
('332', 'GsICAN', '15', 1),
('335', 'GUAYABETAL', '25', 1),
('339', 'GUTIERREZ', '25', 1),
('343', 'BARRANCO MINAS', '94', 1),
('344', 'HACARI', '54', 1),
('344', 'HATO', '68', 1),
('347', 'HELICONIA', '05', 1),
('347', 'HERRAN', '54', 1),
('347', 'HERVEO', '73', 1),
('349', 'HOBO', '41', 1),
('349', 'HONDA', '73', 1),
('350', 'LA APARTADA', '23', 1),
('350', 'LA MACARENA', '50', 1),
('352', 'ILES', '52', 1),
('352', 'ICONONZO', '73', 1),
('353', 'HISPANIA', '05', 1),
('354', 'IMUES', '52', 1),
('355', 'INZA', '19', 1),
('356', 'IPIALES', '52', 1),
('357', 'IQUIRA', '41', 1),
('359', 'ISNOS', '41', 1),
('360', 'ITAGUI', '05', 1),
('361', 'ITUANGO', '05', 1),
('361', 'ISTMINA', '27', 1),
('362', 'IZA', '15', 1),
('364', 'JARDIN', '05', 1),
('364', 'JAMBALO', '19', 1),
('364', 'JAMUNDI', '76', 1),
('367', 'JENESANO', '15', 1),
('368', 'JERICO', '05', 1),
('368', 'JERICO', '15', 1),
('368', 'JERUSALEN', '25', 1),
('368', 'JESUS MARIA', '68', 1),
('370', 'URIBE', '50', 1),
('370', 'JORDAN', '68', 1),
('372', 'JUAN DE ACOSTA', '08', 1),
('372', 'JUNIN', '25', 1),
('372', 'JURADO', '27', 1),
('376', 'LA CEJA', '05', 1),
('377', 'LABRANZAGRANDE', '15', 1),
('377', 'LA CALERA', '25', 1),
('377', 'LABATECA', '54', 1),
('377', 'LA BELLEZA', '68', 1),
('377', 'LA CUMBRE', '76', 1),
('378', 'LA ARGENTINA', '41', 1),
('378', 'HATONUEVO', '44', 1),
('378', 'LA CRUZ', '52', 1),
('380', 'LA ESTRELLA', '05', 1),
('380', 'LA CAPILLA', '15', 1),
('380', 'LA DORADA', '17', 1),
('381', 'LA FLORIDA', '52', 1),
('383', 'LA GLORIA', '20', 1),
('383', 'LA CELIA', '66', 1),
('385', 'LA LLANADA', '52', 1),
('385', 'LA ESPERANZA', '54', 1),
('385', 'LANDAZURI', '68', 1),
('386', 'LA MESA', '25', 1),
('388', 'LA MERCED', '17', 1),
('390', 'LA PINTADA', '05', 1),
('390', 'LA TOLA', '52', 1),
('392', 'LA SIERRA', '19', 1),
('394', 'LA PALMA', '25', 1),
('396', 'LA PLATA', '41', 1),
('397', 'LA VEGA', '19', 1),
('397', 'LA PAZ', '68', 1),
('398', 'LA PE?A', '25', 1),
('398', 'LA PLAYA', '54', 1),
('399', 'LA UNION', '52', 1),
('400', 'LA UNION', '05', 1),
('400', 'LA JAGUA DE IBIRICO', '20', 1),
('400', 'LEJANIAS', '50', 1),
('400', 'LA VIRGINIA', '66', 1),
('400', 'LA UNION', '70', 1),
('400', 'LA UNION', '76', 1),
('400', 'TAMARA', '85', 1),
('401', 'LA VICTORIA', '15', 1),
('401', 'LA TEBAIDA', '63', 1),
('402', 'LA VEGA', '25', 1),
('403', 'LA UVITA', '15', 1),
('403', 'LA VICTORIA', '76', 1),
('405', 'LEIVA', '52', 1),
('405', 'LOS PATIOS', '54', 1),
('405', 'LA CHORRERA', '91', 1),
('406', 'LEBRIJA', '68', 1),
('407', 'VILLA DE LEYVA', '15', 1),
('407', 'LENGUAZAQUE', '25', 1),
('407', 'LA PEDRERA', '91', 1),
('408', 'LERIDA', '73', 1),
('410', 'LA MONTA?ITA', '18', 1),
('410', 'TAURAMENA', '85', 1),
('411', 'LIBORINA', '05', 1),
('411', 'LINARES', '52', 1),
('411', 'LIBANO', '73', 1),
('413', 'LLORO', '27', 1),
('417', 'LORICA', '23', 1),
('418', 'LOPEZ', '19', 1),
('418', 'LOS ANDES', '52', 1),
('418', 'LOURDES', '54', 1),
('418', 'LOS SANTOS', '68', 1),
('418', 'LOS PALMITOS', '70', 1),
('419', 'LOS CORDOBAS', '23', 1),
('420', 'LA JAGUA DEL PILAR', '44', 1),
('421', 'LURUACO', '08', 1),
('425', 'MACEO', '05', 1),
('425', 'MACANAL', '15', 1),
('425', 'MEDIO ATRATO', '27', 1),
('425', 'MACARAVITA', '68', 1),
('426', 'MACHETA', '25', 1),
('427', 'MAGsI', '52', 1),
('429', 'MAJAGUAL', '70', 1),
('430', 'MAGANGUE', '13', 1),
('430', 'MADRID', '25', 1),
('430', 'MEDIO BAUDO', '27', 1),
('430', 'MAICAO', '44', 1),
('430', 'TRINIDAD', '85', 1),
('430', 'LA VICTORIA', '91', 1),
('432', 'MALAGA', '68', 1),
('433', 'MALAMBO', '08', 1),
('433', 'MAHATES', '13', 1),
('433', 'MANZANARES', '17', 1),
('435', 'MALLAMA', '52', 1),
('436', 'MANATI', '08', 1),
('436', 'MANTA', '25', 1),
('438', 'MEDINA', '25', 1),
('440', 'MARINILLA', '05', 1),
('440', 'MARGARITA', '13', 1),
('440', 'MARSELLA', '66', 1),
('440', 'VILLANUEVA', '85', 1),
('442', 'MARIA LA BAJA', '13', 1),
('442', 'MARIPI', '15', 1),
('442', 'MARMATO', '17', 1),
('443', 'MANAURE', '20', 1),
('443', 'MARIQUITA', '73', 1),
('444', 'MARQUETALIA', '17', 1),
('444', 'MATANZA', '68', 1),
('446', 'MARULANDA', '17', 1),
('449', 'MELGAR', '73', 1),
('450', 'MERCADERES', '19', 1),
('450', 'MEDIO SAN JUAN', '27', 1),
('450', 'PUERTO CONCORDIA', '50', 1),
('455', 'MIRAFLORES', '15', 1),
('455', 'MIRANDA', '19', 1),
('456', 'MISTRATO', '66', 1),
('458', 'MONTECRISTO', '13', 1),
('460', 'MILAN', '18', 1),
('460', 'NUEVA GRANADA', '47', 1),
('460', 'MIRITI - PARANA', '91', 1),
('461', 'MURILLO', '73', 1),
('464', 'MONGUA', '15', 1),
('464', 'MOMIL', '23', 1),
('464', 'MOGOTES', '68', 1),
('466', 'MONGUI', '15', 1),
('466', 'MONTELIBANO', '23', 1),
('467', 'MONTEBELLO', '05', 1),
('468', 'MOMPOS', '13', 1),
('468', 'MOLAGAVITA', '68', 1),
('469', 'MONIQUIRA', '15', 1),
('470', 'MONTENEGRO', '63', 1),
('473', 'MORALES', '13', 1),
('473', 'MORALES', '19', 1),
('473', 'MOSQUERA', '25', 1),
('473', 'MOSQUERA', '52', 1),
('473', 'MORROA', '70', 1),
('475', 'MURINDO', '05', 1),
('476', 'MOTAVITA', '15', 1),
('479', 'MORELIA', '18', 1),
('480', 'MUTATA', '05', 1),
('480', 'MUZO', '15', 1),
('480', 'NARI?O', '52', 1),
('480', 'MUTISCUA', '54', 1),
('483', 'NARI?O', '05', 1),
('483', 'NARI?O', '25', 1),
('483', 'NATAGA', '41', 1),
('483', 'NATAGAIMA', '73', 1),
('486', 'NEIRA', '17', 1),
('486', 'NEMOCON', '25', 1),
('488', 'NILO', '25', 1),
('489', 'NIMAIMA', '25', 1),
('490', 'NECOCLI', '05', 1),
('490', 'NOROSI', '13', 1),
('490', 'OLAYA HERRERA', '52', 1),
('491', 'NOBSA', '15', 1),
('491', 'NOCAIMA', '25', 1),
('491', 'NOVITA', '27', 1),
('494', 'NUEVO COLON', '15', 1),
('495', 'NECHI', '05', 1),
('495', 'NORCASIA', '17', 1),
('495', 'NUQUI', '27', 1),
('497', 'OBANDO', '76', 1),
('498', 'OCA?A', '54', 1),
('498', 'OCAMONTE', '68', 1),
('500', 'OICATA', '15', 1),
('500', 'MO?ITOS', '23', 1),
('500', 'OIBA', '68', 1),
('501', 'OLAYA', '05', 1),
('502', 'ONZAGA', '68', 1),
('503', 'OPORAPA', '41', 1),
('504', 'ORTEGA', '73', 1),
('506', 'VENECIA', '25', 1),
('506', 'OSPINA', '52', 1),
('507', 'OTANCHE', '15', 1),
('508', 'OVEJAS', '70', 1),
('511', 'PACHAVITA', '15', 1),
('511', 'PACOA', '97', 1),
('513', 'PACORA', '17', 1),
('513', 'PADILLA', '19', 1),
('513', 'PACHO', '25', 1),
('514', 'PAEZ', '15', 1),
('516', 'PAIPA', '15', 1),
('517', 'PAEZ', '19', 1),
('517', 'PAILITAS', '20', 1),
('518', 'PAJARITO', '15', 1),
('518', 'PAIME', '25', 1),
('518', 'PAICOL', '41', 1),
('518', 'PAMPLONA', '54', 1),
('520', 'PALMAR DE VARELA', '08', 1),
('520', 'FRANCISCO PIZARRO', '52', 1),
('520', 'PAMPLONITA', '54', 1),
('520', 'PALOCABILDO', '73', 1),
('520', 'PALMIRA', '76', 1),
('522', 'PANQUEBA', '15', 1),
('522', 'PALMAR', '68', 1),
('523', 'PALMITO', '70', 1),
('524', 'PALESTINA', '17', 1),
('524', 'PANDI', '25', 1),
('524', 'PALERMO', '41', 1),
('524', 'PALMAS DEL SOCORRO', '68', 1),
('524', 'LA PRIMAVERA', '99', 1),
('530', 'PARATEBUENO', '25', 1),
('530', 'PALESTINA', '41', 1),
('530', 'PUERTO ALEGRIA', '91', 1),
('531', 'PAUNA', '15', 1),
('532', 'PATIA', '19', 1),
('533', 'PAYA', '15', 1),
('533', 'PIAMONTE', '19', 1),
('533', 'PARAMO', '68', 1),
('535', 'PASCA', '25', 1),
('536', 'PUERTO ARICA', '91', 1),
('537', 'PAZ DE RIO', '15', 1),
('540', 'POLICARPA', '52', 1),
('540', 'PUERTO NARI?O', '91', 1),
('541', 'PE?OL', '05', 1),
('541', 'PENSILVANIA', '17', 1),
('541', 'PEDRAZA', '47', 1),
('542', 'PESCA', '15', 1),
('543', 'PEQUE', '05', 1),
('545', 'PIJI?O DEL CARMEN', '47', 1),
('547', 'PIEDECUESTA', '68', 1),
('547', 'PIEDRAS', '73', 1),
('548', 'PIENDAMO', '19', 1),
('548', 'PITAL', '41', 1),
('548', 'PIJAO', '63', 1),
('549', 'PIOJO', '08', 1),
('549', 'PINILLOS', '13', 1),
('549', 'PINCHOTE', '68', 1),
('550', 'PISBA', '15', 1),
('550', 'PELAYA', '20', 1),
('551', 'PITALITO', '41', 1),
('551', 'PIVIJAY', '47', 1),
('553', 'PUERTO SANTANDER', '54', 1),
('555', 'PLANETA RICA', '23', 1),
('555', 'PLATO', '47', 1),
('555', 'PLANADAS', '73', 1),
('558', 'POLONUEVO', '08', 1),
('560', 'PONEDERA', '08', 1),
('560', 'MANAURE', '44', 1),
('560', 'POTOSI', '52', 1),
('563', 'PRADO', '73', 1),
('563', 'PRADERA', '76', 1),
('564', 'PROVIDENCIA', '88', 1),
('565', 'PROVIDENCIA', '52', 1),
('568', 'PUERTO GAITAN', '50', 1),
('568', 'PUERTO ASIS', '86', 1),
('569', 'PUERTO CAICEDO', '86', 1),
('570', 'PUEBLO BELLO', '20', 1),
('570', 'PUEBLO NUEVO', '23', 1),
('570', 'PUEBLOVIEJO', '47', 1),
('571', 'PUERTO GUZMAN', '86', 1),
('572', 'PUERTO BOYACA', '15', 1),
('572', 'PUERTO SALGAR', '25', 1),
('572', 'PUEBLO RICO', '66', 1),
('572', 'PUENTE NACIONAL', '68', 1),
('573', 'PUERTO COLOMBIA', '08', 1),
('573', 'PUERTO TEJADA', '19', 1),
('573', 'PUERTO LOPEZ', '50', 1),
('573', 'PUERRES', '52', 1),
('573', 'PUERTO PARRA', '68', 1),
('573', 'LEGUIZAMO', '86', 1),
('574', 'PUERTO ESCONDIDO', '23', 1),
('575', 'PUERTO WILCHES', '68', 1),
('576', 'PUEBLORRICO', '05', 1),
('577', 'PUERTO LLERAS', '50', 1),
('579', 'PUERTO BERRIO', '05', 1),
('580', 'REGIDOR', '13', 1),
('580', 'QUIPAMA', '15', 1),
('580', 'PUERTO LIBERTADOR', '23', 1),
('580', 'PULI', '25', 1),
('580', 'RIO IRO', '27', 1),
('585', 'PUERTO NARE', '05', 1),
('585', 'PURACE', '19', 1),
('585', 'PUPIALES', '52', 1),
('585', 'PURIFICACION', '73', 1),
('586', 'PURISIMA', '23', 1),
('590', 'PUERTO RICO', '50', 1),
('591', 'PUERTO TRIUNFO', '05', 1),
('591', 'PUERTO RONDON', '81', 1),
('592', 'PUERTO RICO', '18', 1),
('592', 'QUEBRADANEGRA', '25', 1),
('594', 'QUETAME', '25', 1),
('594', 'QUIMBAYA', '63', 1),
('594', 'QUINCHIA', '66', 1),
('596', 'QUIPILE', '25', 1),
('599', 'RAMIRIQUI', '15', 1),
('599', 'APULO', '25', 1),
('599', 'RAGONVALIA', '54', 1),
('600', 'RIO VIEJO', '13', 1),
('600', 'RAQUIRA', '15', 1),
('600', 'RIO QUITO', '27', 1),
('604', 'REMEDIOS', '05', 1),
('605', 'REMOLINO', '47', 1),
('606', 'REPELON', '08', 1),
('606', 'RESTREPO', '50', 1),
('606', 'RESTREPO', '76', 1),
('607', 'RETIRO', '05', 1),
('610', 'SAN JOSE DEL FRAGUA', '18', 1),
('612', 'RICAURTE', '25', 1),
('612', 'RICAURTE', '52', 1),
('614', 'RIOSUCIO', '17', 1),
('614', 'RIO DE ORO', '20', 1),
('615', 'RIONEGRO', '05', 1),
('615', 'RIOSUCIO', '27', 1),
('615', 'RIVERA', '41', 1),
('615', 'RIONEGRO', '68', 1),
('616', 'RISARALDA', '17', 1),
('616', 'RIOBLANCO', '73', 1),
('616', 'RIOFRIO', '76', 1),
('620', 'SAN CRISTOBAL', '13', 1),
('621', 'RONDON', '15', 1),
('621', 'LA PAZ', '20', 1),
('621', 'ROBERTO PAYAN', '52', 1),
('622', 'ROSAS', '19', 1),
('622', 'RONCESVALLES', '73', 1),
('622', 'ROLDANILLO', '76', 1),
('624', 'ROVIRA', '73', 1),
('624', 'SANTA ROSALIA', '99', 1),
('628', 'SABANALARGA', '05', 1),
('631', 'SABANETA', '05', 1),
('632', 'SABOYA', '15', 1),
('634', 'SABANAGRANDE', '08', 1),
('638', 'SABANALARGA', '08', 1),
('638', 'SACHICA', '15', 1),
('642', 'SALGAR', '05', 1),
('645', 'SAN ANTONIO DEL TEQUENDAMA', '25', 1),
('646', 'SAMACA', '15', 1),
('647', 'SAN ANDRES DE CUERQUIA', '05', 1),
('647', 'SAN ESTANISLAO', '13', 1),
('649', 'SAN CARLOS', '05', 1),
('649', 'SAN BERNARDO', '25', 1),
('650', 'SAN FERNANDO', '13', 1),
('650', 'SAN JUAN DEL CESAR', '44', 1),
('652', 'SAN FRANCISCO', '05', 1),
('653', 'SALAMINA', '17', 1),
('653', 'SAN CAYETANO', '25', 1),
('654', 'SAN JACINTO', '13', 1),
('655', 'SAN JACINTO DEL CAUCA', '13', 1),
('655', 'SABANA DE TORRES', '68', 1),
('656', 'SAN JERONIMO', '05', 1),
('657', 'SAN JUAN NEPOMUCENO', '13', 1),
('658', 'SAN JOSE DE LA MONTA?A', '05', 1),
('658', 'SAN FRANCISCO', '25', 1),
('659', 'SAN JUAN DE URABA', '05', 1),
('660', 'SAN LUIS', '05', 1),
('660', 'SAN EDUARDO', '15', 1),
('660', 'SAHAGUN', '23', 1),
('660', 'SAN JOSE DEL PALMAR', '27', 1),
('660', 'SALADOBLANCO', '41', 1),
('660', 'SABANAS DE SAN ANGEL', '47', 1),
('660', 'SALAZAR', '54', 1),
('662', 'SAMANA', '17', 1),
('662', 'SAN JUAN DE RIO SECO', '25', 1),
('663', 'MAPIRIPANA', '94', 1),
('664', 'SAN PEDRO', '05', 1),
('664', 'SAN JOSE DE PARE', '15', 1),
('665', 'SAN PEDRO DE URABA', '05', 1),
('665', 'SAN JOSE', '17', 1),
('666', 'TARAIRA', '97', 1),
('667', 'SAN RAFAEL', '05', 1),
('667', 'SAN MARTIN DE LOBA', '13', 1),
('667', 'SAN LUIS DE GACENO', '15', 1),
('668', 'SAN AGUSTIN', '41', 1),
('669', 'SAN ANDRES', '68', 1),
('669', 'PUERTO SANTANDER', '91', 1),
('670', 'SAN ROQUE', '05', 1),
('670', 'SAN PABLO', '13', 1),
('670', 'SAN ANDRES SOTAVENTO', '23', 1),
('670', 'SAN CALIXTO', '54', 1),
('670', 'SAMPUES', '70', 1),
('670', 'SAN PEDRO', '76', 1),
('671', 'SALDA?A', '73', 1),
('672', 'SAN ANTERO', '23', 1),
('673', 'SANTA CATALINA', '13', 1),
('673', 'SAN MATEO', '15', 1),
('673', 'SAN CAYETANO', '54', 1),
('673', 'SAN BENITO', '68', 1),
('674', 'SAN VICENTE', '05', 1),
('675', 'SANTA LUCIA', '08', 1),
('675', 'SAN BERNARDO DEL VIENTO', '23', 1),
('675', 'SALAMINA', '47', 1),
('675', 'SAN ANTONIO', '73', 1),
('676', 'SAN MIGUEL DE SEMA', '15', 1),
('676', 'SANTA MARIA', '41', 1),
('678', 'SAN CARLOS', '23', 1),
('678', 'SAMANIEGO', '52', 1),
('678', 'SAN BENITO ABAD', '70', 1),
('678', 'SAN LUIS', '73', 1),
('679', 'SANTA BARBARA', '05', 1),
('679', 'SAN GIL', '68', 1),
('680', 'SAN CARLOS DE GUAROA', '50', 1),
('680', 'SANTIAGO', '54', 1),
('681', 'SAN PABLO DE BORBUR', '15', 1),
('682', 'SANTA ROSA DE CABAL', '66', 1),
('682', 'SAN JOAQUIN', '68', 1),
('683', 'SANTA ROSA', '13', 1),
('683', 'SAN JUAN DE ARAMA', '50', 1),
('683', 'SANDONA', '52', 1),
('684', 'SAN JOSE DE MIRANDA', '68', 1),
('685', 'SANTO TOMAS', '08', 1),
('685', 'SAN BERNARDO', '52', 1),
('686', 'SANTA ROSA DE OSOS', '05', 1),
('686', 'SANTANA', '15', 1),
('686', 'SAN PELAYO', '23', 1),
('686', 'SAN JUANITO', '50', 1),
('686', 'SAN MIGUEL', '68', 1),
('686', 'SANTA ISABEL', '73', 1),
('687', 'SAN LORENZO', '52', 1),
('687', 'SANTUARIO', '66', 1),
('688', 'SANTA ROSA DEL SUR', '13', 1),
('689', 'SAN MARTIN', '50', 1),
('689', 'SAN VICENTE DE CHUCURI', '68', 1),
('690', 'SANTO DOMINGO', '05', 1),
('690', 'SANTA MARIA', '15', 1),
('690', 'SALENTO', '63', 1),
('692', 'SAN SEBASTIAN DE BUENAVISTA', '47', 1),
('693', 'SANTA ROSA DE VITERBO', '15', 1),
('693', 'SAN SEBASTIAN', '19', 1),
('693', 'SAN PABLO', '52', 1),
('694', 'SAN PEDRO DE CARTAGO', '52', 1),
('696', 'SANTA SOFIA', '15', 1),
('696', 'SANTA BARBARA', '52', 1),
('697', 'EL SANTUARIO', '05', 1),
('698', 'SANTANDER DE QUILICHAO', '19', 1),
('699', 'SANTACRUZ', '52', 1),
('701', 'SANTA ROSA', '19', 1),
('702', 'SAN JUAN DE BETULIA', '70', 1),
('703', 'SAN ZENON', '47', 1),
('705', 'SANTA BARBARA', '68', 1),
('707', 'SANTA ANA', '47', 1),
('708', 'SAN MARCOS', '70', 1),
('710', 'SAN ALBERTO', '20', 1),
('711', 'VISTAHERMOSA', '50', 1),
('713', 'SAN ONOFRE', '70', 1),
('717', 'SAN PEDRO', '70', 1),
('718', 'SASAIMA', '25', 1),
('720', 'SATIVANORTE', '15', 1),
('720', 'SANTA BARBARA DE PINTO', '47', 1),
('720', 'SAPUYES', '52', 1),
('720', 'SARDINATA', '54', 1),
('720', 'SANTA HELENA DEL OPON', '68', 1),
('723', 'SATIVASUR', '15', 1),
('736', 'SEGOVIA', '05', 1),
('736', 'SESQUILE', '25', 1),
('736', 'SEVILLA', '76', 1),
('736', 'SARAVENA', '81', 1),
('740', 'SIACHOQUE', '15', 1),
('740', 'SIBATE', '25', 1),
('742', 'SAN LUIS DE SINCE', '70', 1),
('743', 'SILVIA', '19', 1),
('743', 'SILVANIA', '25', 1),
('743', 'SILOS', '54', 1),
('744', 'SIMITI', '13', 1),
('745', 'SIMIJACA', '25', 1),
('745', 'SIPI', '27', 1),
('745', 'SITIONUEVO', '47', 1),
('745', 'SIMACOTA', '68', 1),
('749', 'SIBUNDOY', '86', 1),
('750', 'SAN DIEGO', '20', 1),
('753', 'SOATA', '15', 1),
('753', 'SAN VICENTE DEL CAGUAN', '18', 1),
('754', 'SOACHA', '25', 1),
('755', 'SOCOTA', '15', 1),
('755', 'SOCORRO', '68', 1),
('755', 'SAN FRANCISCO', '86', 1),
('756', 'SONSON', '05', 1),
('756', 'SOLANO', '18', 1),
('757', 'SOCHA', '15', 1),
('757', 'SAN MIGUEL', '86', 1),
('758', 'SOLEDAD', '08', 1),
('758', 'SOPO', '25', 1),
('759', 'SOGAMOSO', '15', 1),
('760', 'SOPLAVIENTO', '13', 1),
('760', 'SOTARA', '19', 1),
('760', 'SANTIAGO', '86', 1),
('761', 'SOPETRAN', '05', 1),
('761', 'SOMONDOCO', '15', 1),
('762', 'SORA', '15', 1),
('763', 'SOTAQUIRA', '15', 1),
('764', 'SORACA', '15', 1),
('769', 'SUBACHOQUE', '25', 1),
('770', 'SUAN', '08', 1),
('770', 'SAN MARTIN', '20', 1),
('770', 'SUAZA', '41', 1),
('770', 'SUAITA', '68', 1),
('770', 'SUAREZ', '73', 1),
('771', 'SUCRE', '70', 1),
('772', 'SUESCA', '25', 1),
('773', 'SUCRE', '68', 1),
('773', 'CUMARIBO', '99', 1),
('774', 'SUSACON', '15', 1),
('776', 'SUTAMARCHAN', '15', 1),
('777', 'SUPIA', '17', 1),
('777', 'SUPATA', '25', 1),
('777', 'PAPUNAUA', '97', 1),
('778', 'SUTATENZA', '15', 1),
('779', 'SUSA', '25', 1),
('780', 'TALAIGUA NUEVO', '13', 1),
('780', 'SUAREZ', '19', 1),
('780', 'SURATA', '68', 1),
('781', 'SUTATAUSA', '25', 1),
('785', 'SOLITA', '18', 1),
('785', 'SUCRE', '19', 1),
('785', 'TABIO', '25', 1),
('786', 'TAMINANGO', '52', 1),
('787', 'TAMALAMEQUE', '20', 1),
('787', 'TADO', '27', 1),
('788', 'TANGUA', '52', 1),
('789', 'TAMESIS', '05', 1),
('790', 'TARAZA', '05', 1),
('790', 'TASCO', '15', 1),
('791', 'TARQUI', '41', 1),
('792', 'TARSO', '05', 1),
('793', 'TAUSA', '25', 1),
('794', 'TAME', '81', 1),
('797', 'TENA', '25', 1),
('797', 'TESALIA', '41', 1),
('798', 'TENZA', '15', 1),
('798', 'TENERIFE', '47', 1),
('798', 'TARAPACA', '91', 1),
('799', 'TENJO', '25', 1),
('799', 'TELLO', '41', 1),
('800', 'UNGUIA', '27', 1),
('800', 'TEORAMA', '54', 1),
('801', 'TERUEL', '41', 1),
('804', 'TIBANA', '15', 1),
('805', 'TIBACUY', '25', 1),
('806', 'TIBASOSA', '15', 1),
('807', 'TIMBIO', '19', 1),
('807', 'TIERRALTA', '23', 1),
('807', 'TIBIRITA', '25', 1),
('807', 'TIMANA', '41', 1),
('808', 'TINJACA', '15', 1),
('809', 'TITIRIBI', '05', 1),
('809', 'TIMBIQUI', '19', 1),
('810', 'TIQUISIO', '13', 1),
('810', 'TIPACOQUE', '15', 1),
('810', 'UNION PANAMERICANA', '27', 1),
('810', 'TIBU', '54', 1),
('814', 'TOCA', '15', 1),
('815', 'TOCAIMA', '25', 1),
('816', 'TOGsI', '15', 1),
('817', 'TOCANCIPA', '25', 1),
('819', 'TOLEDO', '05', 1),
('820', 'TOPAGA', '15', 1),
('820', 'TOLEDO', '54', 1),
('820', 'TONA', '68', 1),
('820', 'SANTIAGO DE TOLU', '70', 1),
('821', 'TORIBIO', '19', 1),
('822', 'TOTA', '15', 1),
('823', 'TOPAIPI', '25', 1),
('823', 'TOLU VIEJO', '70', 1),
('823', 'TORO', '76', 1),
('824', 'TOTORO', '19', 1),
('828', 'TRUJILLO', '76', 1),
('832', 'TUBARA', '08', 1),
('832', 'TUNUNGUA', '15', 1),
('834', 'TULUA', '76', 1),
('835', 'TURMEQUE', '15', 1),
('835', 'SAN ANDRES DE TUMACO', '52', 1),
('836', 'TURBACO', '13', 1),
('837', 'TURBO', '05', 1),
('837', 'TUTA', '15', 1),
('838', 'TURBANA', '13', 1),
('838', 'TUQUERRES', '52', 1),
('839', 'TUTAZA', '15', 1),
('839', 'UBALA', '25', 1),
('841', 'UBAQUE', '25', 1),
('842', 'URAMITA', '05', 1),
('842', 'UMBITA', '15', 1),
('843', 'VILLA DE SAN DIEGO DE UBATE', '25', 1),
('845', 'VILLA RICA', '19', 1),
('845', 'UNE', '25', 1),
('845', 'ULLOA', '76', 1),
('847', 'URRAO', '05', 1),
('847', 'URIBIA', '44', 1),
('849', 'USIACURI', '08', 1),
('851', 'UTICA', '25', 1),
('854', 'VALDIVIA', '05', 1),
('854', 'VALLE DE SAN JUAN', '73', 1),
('855', 'VALENCIA', '23', 1),
('855', 'URUMITA', '44', 1),
('855', 'VALLE DE SAN JOSE', '68', 1),
('856', 'VALPARAISO', '05', 1),
('858', 'VEGACHI', '05', 1),
('860', 'VALPARAISO', '18', 1),
('861', 'VENECIA', '05', 1),
('861', 'VENTAQUEMADA', '15', 1),
('861', 'VELEZ', '68', 1),
('861', 'VENADILLO', '73', 1),
('862', 'VERGARA', '25', 1),
('863', 'VERSALLES', '76', 1),
('865', 'VALLE DEL GUAMUEZ', '86', 1),
('867', 'VICTORIA', '17', 1),
('867', 'VIANI', '25', 1),
('867', 'VETAS', '68', 1),
('869', 'VIJES', '76', 1),
('870', 'VILLAHERMOSA', '73', 1),
('871', 'VILLAGOMEZ', '25', 1),
('871', 'VILLA CARO', '54', 1),
('872', 'VILLAVIEJA', '41', 1),
('872', 'VILLANUEVA', '68', 1),
('873', 'VIGIA DEL FUERTE', '05', 1),
('873', 'VILLANUEVA', '13', 1),
('873', 'VILLAMARIA', '17', 1),
('873', 'VILLAPINZON', '25', 1),
('873', 'VILLARRICA', '73', 1),
('874', 'VILLANUEVA', '44', 1),
('874', 'VILLA DEL ROSARIO', '54', 1),
('875', 'VILLETA', '25', 1),
('877', 'VITERBO', '17', 1),
('878', 'VIOTA', '25', 1),
('879', 'VIRACACHA', '15', 1),
('883', 'SAN FELIPE', '94', 1),
('884', 'PUERTO COLOMBIA', '94', 1),
('885', 'YALI', '05', 1),
('885', 'YACOPI', '25', 1),
('885', 'YAGUARA', '41', 1),
('885', 'YACUANQUER', '52', 1),
('885', 'VILLAGARZON', '86', 1),
('885', 'LA GUADALUPE', '94', 1),
('886', 'CACAHUAL', '94', 1),
('887', 'YARUMAL', '05', 1),
('887', 'PANA PANA', '94', 1),
('888', 'MORICHAL', '94', 1),
('889', 'YAVARATE', '97', 1),
('890', 'YOLOMBO', '05', 1),
('890', 'YOTOCO', '76', 1),
('892', 'YUMBO', '76', 1),
('893', 'YONDO', '05', 1),
('894', 'ZAMBRANO', '13', 1),
('895', 'ZARAGOZA', '05', 1),
('895', 'ZAPATOCA', '68', 1),
('895', 'ZARZAL', '76', 1),
('897', 'ZETAQUIRA', '15', 1),
('898', 'ZIPACON', '25', 1),
('899', 'ZIPAQUIRA', '25', 1),
('960', 'ZAPAYAN', '47', 1),
('980', 'ZONA BANANERA', '47', 1);

-- --------------------------------------------------------

--
-- Estructura de tabla para la tabla `tb_tipo_lugar`
--

CREATE TABLE `tb_tipo_lugar` (
  `codi_til` int(1) NOT NULL,
  `nomb_til` varchar(30) NOT NULL
) ENGINE=MyISAM DEFAULT CHARSET=utf8;

--
-- Volcado de datos para la tabla `tb_tipo_lugar`
--

INSERT INTO `tb_tipo_lugar` (`codi_til`, `nomb_til`) VALUES
(1, 'Corregimiento'),
(2, 'Vereda'),
(3, 'Barrio'),
(4, 'Asociación'),
(5, 'Área Urbana'),
(6, 'Inspección de Policia');

--
-- Índices para tablas volcadas
--

--
-- Indices de la tabla `ma_certificados`
--
ALTER TABLE `ma_certificados`
  ADD PRIMARY KEY (`codi_cer`);

--
-- Indices de la tabla `ma_juntas`
--
ALTER TABLE `ma_juntas`
  ADD PRIMARY KEY (`codi_jun`);

--
-- Indices de la tabla `ma_usuario`
--
ALTER TABLE `ma_usuario`
  ADD PRIMARY KEY (`codi_usu`);

--
-- Indices de la tabla `tb_departamento`
--
ALTER TABLE `tb_departamento`
  ADD PRIMARY KEY (`codi_dep`);

--
-- Indices de la tabla `tb_municipio`
--
ALTER TABLE `tb_municipio`
  ADD PRIMARY KEY (`codi_mun`,`codi_dep`);

--
-- Indices de la tabla `tb_tipo_lugar`
--
ALTER TABLE `tb_tipo_lugar`
  ADD PRIMARY KEY (`codi_til`);

--
-- AUTO_INCREMENT de las tablas volcadas
--

--
-- AUTO_INCREMENT de la tabla `ma_certificados`
--
ALTER TABLE `ma_certificados`
  MODIFY `codi_cer` bigint(12) NOT NULL AUTO_INCREMENT, AUTO_INCREMENT=43;
--
-- AUTO_INCREMENT de la tabla `ma_juntas`
--
ALTER TABLE `ma_juntas`
  MODIFY `codi_jun` bigint(12) NOT NULL AUTO_INCREMENT, AUTO_INCREMENT=123;
--
-- AUTO_INCREMENT de la tabla `ma_usuario`
--
ALTER TABLE `ma_usuario`
  MODIFY `codi_usu` bigint(12) NOT NULL AUTO_INCREMENT, AUTO_INCREMENT=119;
--
-- AUTO_INCREMENT de la tabla `tb_tipo_lugar`
--
ALTER TABLE `tb_tipo_lugar`
  MODIFY `codi_til` int(1) NOT NULL AUTO_INCREMENT, AUTO_INCREMENT=7;
/*!40101 SET CHARACTER_SET_CLIENT=@OLD_CHARACTER_SET_CLIENT */;
/*!40101 SET CHARACTER_SET_RESULTS=@OLD_CHARACTER_SET_RESULTS */;
/*!40101 SET COLLATION_CONNECTION=@OLD_COLLATION_CONNECTION */;
